{"test_dict":{"[0.0,0.0,4.0,-0.2,0.0,0.0,0.0,0.0,0.0,0.0]":1.1506743,"[40.0,4.0,0.0,0.0,0.0,0.0,0.0,0.0,0.0,0.0]":-0.014897976,"[20.0,0.0,0.0,0.0,0.0,0.0,0.0,0.0,0.0,0.0]":-0.005299272,"[20.0,4.0,0.0,-0.2,0.0,0.0,0.0,0.0,0.0,0.0]":0.34109068,"[40.0,0.0,-4.0,0.0,0.0,0.0,0.0,0.0,0.0,0.0]":-0.94066733,"[20.0,0.0,0.0,0.2,0.0,0.0,0.0,0.0,0.0,0.0]":-0.469293,"[40.0,0.0,-4.0,-0.2,0.0,0.0,0.0,0.0,0.0,0.0]":-0.7984189,"[20.0,-4.0,0.0,-0.2,0.0,0.0,0.0,0.0,0.0,0.0]":0.44945735,"[40.0,0.0,0.0,0.0,0.0,0.0,0.0,0.0,0.0,0.0]":0.010965517,"[20.0,-4.0,-4.0,-0.2,0.0,0.0,0.0,0.0,0.0,0.0]":-0.94529015,"[20.0,-4.0,-4.0,0.2,0.0,0.0,0.0,0.0,0.0,0.0]":-1.0546451,"[0.0,4.0,0.0,0.2,0.0,0.0,0.0,0.0,0.0,0.0]":-0.1688808,"[0.0,-4.0,-4.0,0.2,0.0,0.0,0.0,0.0,0.0,0.0]":-1.2426965,"[0.0,-4.0,4.0,0.0,0.0,0.0,0.0,0.0,0.0,0.0]":1.2510403,"[40.0,-4.0,4.0,0.2,0.0,0.0,0.0,0.0,0.0,0.0]":0.6392568,"[0.0,0.0,0.0,-0.2,0.0,0.0,0.0,0.0,0.0,0.0]":0.21040219,"[20.0,-4.0,0.0,0.2,0.0,0.0,0.0,0.0,0.0,0.0]":-0.3382891,"[20.0,0.0,4.0,0.0,0.0,0.0,0.0,0.0,0.0,0.0]":1.0123936,"[20.0,-4.0,0.0,0.0,0.0,0.0,0.0,0.0,0.0,0.0]":0.030685054,"[20.0,-4.0,4.0,-0.2,0.0,0.0,0.0,0.0,0.0,0.0]":1.0655357,"[0.0,-4.0,0.0,-0.2,0.0,0.0,0.0,0.0,0.0,0.0]":0.36754328,"[40.0,-4.0,-4.0,0.0,0.0,0.0,0.0,0.0,0.0,0.0]":-0.77766603,"[40.0,4.0,4.0,-0.2,0.0,0.0,0.0,0.0,0.0,0.0]":1.0157825,"[20.0,0.0,4.0,-0.2,0.0,0.0,0.0,0.0,0.0,0.0]":1.0170059,"[20.0,0.0,-4.0,0.0,0.0,0.0,0.0,0.0,0.0,0.0]":-1.0158191,"[20.0,-4.0,-4.0,0.0,0.0,0.0,0.0,0.0,0.0,0.0]":-1.0358253,"[0.0,4.0,-4.0,-0.2,0.0,0.0,0.0,0.0,0.0,0.0]":-0.90182126,"[20.0,4.0,4.0,0.0,0.0,0.0,0.0,0.0,0.0,0.0]":0.9539579,"[0.0,0.0,-4.0,-0.2,0.0,0.0,0.0,0.0,0.0,0.0]":-1.0933651,"[40.0,0.0,-4.0,0.2,0.0,0.0,0.0,0.0,0.0,0.0]":-0.9827854,"[0.0,0.0,0.0,0.2,0.0,0.0,0.0,0.0,0.0,0.0]":-0.2930955,"[20.0,-4.0,4.0,0.2,0.0,0.0,0.0,0.0,0.0,0.0]":0.9668385,"[0.0,0.0,0.0,0.0,0.0,0.0,0.0,0.0,0.0,0.0]":-0.060242288,"[20.0,4.0,0.0,0.0,0.0,0.0,0.0,0.0,0.0,0.0]":0.03559217,"[20.0,0.0,-4.0,0.2,0.0,0.0,0.0,0.0,0.0,0.0]":-1.018064,"[0.0,4.0,4.0,0.2,0.0,0.0,0.0,0.0,0.0,0.0]":0.69403005,"[40.0,-4.0,-4.0,0.2,0.0,0.0,0.0,0.0,0.0,0.0]":-0.92510074,"[0.0,4.0,0.0,0.0,0.0,0.0,0.0,0.0,0.0,0.0]":-0.13460526,"[40.0,-4.0,4.0,-0.2,0.0,0.0,0.0,0.0,0.0,0.0]":0.94171464,"[0.0,4.0,-4.0,0.2,0.0,0.0,0.0,0.0,0.0,0.0]":-0.95766467,"[0.0,4.0,4.0,0.0,0.0,0.0,0.0,0.0,0.0,0.0]":0.7511265,"[40.0,4.0,-4.0,-0.2,0.0,0.0,0.0,0.0,0.0,0.0]":-0.89829737,"[0.0,0.0,4.0,0.2,0.0,0.0,0.0,0.0,0.0,0.0]":1.2169011,"[20.0,4.0,4.0,0.2,0.0,0.0,0.0,0.0,0.0,0.0]":0.8188759,"[20.0,0.0,4.0,0.2,0.0,0.0,0.0,0.0,0.0,0.0]":0.9243868,"[20.0,4.0,0.0,0.2,0.0,0.0,0.0,0.0,0.0,0.0]":-0.30714795,"[0.0,4.0,-4.0,0.0,0.0,0.0,0.0,0.0,0.0,0.0]":-0.847036,"[40.0,-4.0,0.0,0.2,0.0,0.0,0.0,0.0,0.0,0.0]":-0.04577614,"[0.0,0.0,-4.0,0.0,0.0,0.0,0.0,0.0,0.0,0.0]":-1.1862366,"[40.0,0.0,4.0,0.2,0.0,0.0,0.0,0.0,0.0,0.0]":0.77263147,"[0.0,-4.0,-4.0,0.0,0.0,0.0,0.0,0.0,0.0,0.0]":-1.3229791,"[0.0,0.0,-4.0,0.2,0.0,0.0,0.0,0.0,0.0,0.0]":-1.1937225,"[0.0,4.0,4.0,-0.2,0.0,0.0,0.0,0.0,0.0,0.0]":0.88885945,"[0.0,-4.0,-4.0,-0.2,0.0,0.0,0.0,0.0,0.0,0.0]":-1.4531721,"[40.0,-4.0,-4.0,-0.2,0.0,0.0,0.0,0.0,0.0,0.0]":-0.59339684,"[20.0,0.0,-4.0,-0.2,0.0,0.0,0.0,0.0,0.0,0.0]":-0.94900364,"[20.0,-4.0,4.0,0.0,0.0,0.0,0.0,0.0,0.0,0.0]":1.0555409,"[20.0,4.0,-4.0,0.0,0.0,0.0,0.0,0.0,0.0,0.0]":-0.9707975,"[40.0,4.0,0.0,0.2,0.0,0.0,0.0,0.0,0.0,0.0]":-0.4822739,"[0.0,-4.0,0.0,0.0,0.0,0.0,0.0,0.0,0.0,0.0]":-0.2045701,"[40.0,-4.0,0.0,0.0,0.0,0.0,0.0,0.0,0.0,0.0]":0.030240623,"[20.0,4.0,4.0,-0.2,0.0,0.0,0.0,0.0,0.0,0.0]":1.001562,"[20.0,0.0,0.0,-0.2,0.0,0.0,0.0,0.0,0.0,0.0]":0.5754405,"[40.0,0.0,0.0,0.2,0.0,0.0,0.0,0.0,0.0,0.0]":-0.2902563,"[0.0,-4.0,4.0,-0.2,0.0,0.0,0.0,0.0,0.0,0.0]":1.2602167,"[0.0,4.0,0.0,-0.2,0.0,0.0,0.0,0.0,0.0,0.0]":-0.023348268,"[20.0,4.0,-4.0,-0.2,0.0,0.0,0.0,0.0,0.0,0.0]":-0.8248057,"[20.0,4.0,-4.0,0.2,0.0,0.0,0.0,0.0,0.0,0.0]":-1.0095536,"[40.0,-4.0,4.0,0.0,0.0,0.0,0.0,0.0,0.0,0.0]":0.77855146,"[40.0,0.0,4.0,0.0,0.0,0.0,0.0,0.0,0.0,0.0]":0.96000594,"[40.0,4.0,4.0,0.0,0.0,0.0,0.0,0.0,0.0,0.0]":1.0165633,"[0.0,-4.0,0.0,0.2,0.0,0.0,0.0,0.0,0.0,0.0]":-0.5628162,"[40.0,-4.0,0.0,-0.2,0.0,0.0,0.0,0.0,0.0,0.0]":0.10651119,"[40.0,4.0,0.0,-0.2,0.0,0.0,0.0,0.0,0.0,0.0]":0.57192945,"[0.0,-4.0,4.0,0.2,0.0,0.0,0.0,0.0,0.0,0.0]":1.189699,"[40.0,4.0,4.0,0.2,0.0,0.0,0.0,0.0,0.0,0.0]":0.9148863,"[40.0,0.0,0.0,-0.2,0.0,0.0,0.0,0.0,0.0,0.0]":0.3571815,"[40.0,0.0,4.0,-0.2,0.0,0.0,0.0,0.0,0.0,0.0]":1.0081632,"[40.0,4.0,-4.0,0.0,0.0,0.0,0.0,0.0,0.0,0.0]":-0.9834054,"[40.0,4.0,-4.0,0.2,0.0,0.0,0.0,0.0,0.0,0.0]":-0.99330163,"[0.0,0.0,4.0,0.0,0.0,0.0,0.0,0.0,0.0,0.0]":1.1472923},"input_std":[[7.752642],[0.9133417],[1.7340639],[0.052347425],[0.63506705],[0.47374147],[0.52926004],[0.71338296],[0.9907681],[1.3760147]],"model_test_loss":0.02614254131913185,"input_size":10,"current_date_and_time":"2023-04-30_22-11-07","input_mean":[[13.153981],[0.07413053],[-0.06338388],[-0.011232473],[0.0015979405],[0.0017878182],[-0.0036921569],[-0.0031207248],[-0.0023413328],[0.009243583]],"input_vars":["v_ego","a_ego","lateral_accel","roll","lateral_accel_delta_m05","lateral_accel_delta_m03","lateral_accel_delta_p03","lateral_accel_delta_p05","lateral_accel_delta_p09","lateral_accel_delta_p17"],"output_size":1,"test_dict_zero_bias":{"[0.0,0.0,4.0,-0.2,0.0,0.0,0.0,0.0,0.0,0.0]":1.9017655,"[40.0,4.0,0.0,0.0,0.0,0.0,0.0,0.0,0.0,0.0]":0.027661433,"[20.0,0.0,0.0,0.0,0.0,0.0,0.0,0.0,0.0,0.0]":0.081305236,"[20.0,4.0,0.0,-0.2,0.0,0.0,0.0,0.0,0.0,0.0]":0.59367657,"[40.0,0.0,-4.0,0.0,0.0,0.0,0.0,0.0,0.0,0.0]":-0.87138224,"[20.0,0.0,0.0,0.2,0.0,0.0,0.0,0.0,0.0,0.0]":-0.3785557,"[40.0,0.0,-4.0,-0.2,0.0,0.0,0.0,0.0,0.0,0.0]":-0.69213223,"[20.0,-4.0,0.0,-0.2,0.0,0.0,0.0,0.0,0.0,0.0]":0.44911766,"[40.0,0.0,0.0,0.0,0.0,0.0,0.0,0.0,0.0,0.0]":-0.024595438,"[20.0,-4.0,-4.0,-0.2,0.0,0.0,0.0,0.0,0.0,0.0]":-1.0506139,"[20.0,-4.0,-4.0,0.2,0.0,0.0,0.0,0.0,0.0,0.0]":-1.1271906,"[0.0,4.0,0.0,0.2,0.0,0.0,0.0,0.0,0.0,0.0]":0.49877504,"[0.0,-4.0,-4.0,0.2,0.0,0.0,0.0,0.0,0.0,0.0]":-1.1704502,"[0.0,-4.0,4.0,0.0,0.0,0.0,0.0,0.0,0.0,0.0]":1.9124354,"[40.0,-4.0,4.0,0.2,0.0,0.0,0.0,0.0,0.0,0.0]":0.6816447,"[0.0,0.0,0.0,-0.2,0.0,0.0,0.0,0.0,0.0,0.0]":1.3884584,"[20.0,-4.0,0.0,0.2,0.0,0.0,0.0,0.0,0.0,0.0]":-0.07630074,"[20.0,0.0,4.0,0.0,0.0,0.0,0.0,0.0,0.0,0.0]":1.282833,"[20.0,-4.0,0.0,0.0,0.0,0.0,0.0,0.0,0.0,0.0]":0.15122478,"[20.0,-4.0,4.0,-0.2,0.0,0.0,0.0,0.0,0.0,0.0]":1.766765,"[0.0,-4.0,0.0,-0.2,0.0,0.0,0.0,0.0,0.0,0.0]":1.1608038,"[40.0,-4.0,-4.0,0.0,0.0,0.0,0.0,0.0,0.0,0.0]":-0.6765831,"[40.0,4.0,4.0,-0.2,0.0,0.0,0.0,0.0,0.0,0.0]":1.2045487,"[20.0,0.0,4.0,-0.2,0.0,0.0,0.0,0.0,0.0,0.0]":1.28164,"[20.0,0.0,-4.0,0.0,0.0,0.0,0.0,0.0,0.0,0.0]":-1.0358782,"[20.0,-4.0,-4.0,0.0,0.0,0.0,0.0,0.0,0.0,0.0]":-1.1461934,"[0.0,4.0,-4.0,-0.2,0.0,0.0,0.0,0.0,0.0,0.0]":-0.67783904,"[20.0,4.0,4.0,0.0,0.0,0.0,0.0,0.0,0.0,0.0]":1.2539185,"[0.0,0.0,-4.0,-0.2,0.0,0.0,0.0,0.0,0.0,0.0]":-0.7218234,"[40.0,0.0,-4.0,0.2,0.0,0.0,0.0,0.0,0.0,0.0]":-0.9843405,"[0.0,0.0,0.0,0.2,0.0,0.0,0.0,0.0,0.0,0.0]":0.62384665,"[20.0,-4.0,4.0,0.2,0.0,0.0,0.0,0.0,0.0,0.0]":1.4507725,"[0.0,0.0,0.0,0.0,0.0,0.0,0.0,0.0,0.0,0.0]":1.3555207,"[20.0,4.0,0.0,0.0,0.0,0.0,0.0,0.0,0.0,0.0]":0.14067352,"[20.0,0.0,-4.0,0.2,0.0,0.0,0.0,0.0,0.0,0.0]":-1.0550542,"[0.0,4.0,4.0,0.2,0.0,0.0,0.0,0.0,0.0,0.0]":1.5140504,"[40.0,-4.0,-4.0,0.2,0.0,0.0,0.0,0.0,0.0,0.0]":-0.8508619,"[0.0,4.0,0.0,0.0,0.0,0.0,0.0,0.0,0.0,0.0]":0.7113808,"[40.0,-4.0,4.0,-0.2,0.0,0.0,0.0,0.0,0.0,0.0]":1.0201377,"[0.0,4.0,-4.0,0.2,0.0,0.0,0.0,0.0,0.0,0.0]":-1.0266054,"[0.0,4.0,4.0,0.0,0.0,0.0,0.0,0.0,0.0,0.0]":1.3967948,"[40.0,4.0,-4.0,-0.2,0.0,0.0,0.0,0.0,0.0,0.0]":-0.8535074,"[0.0,0.0,4.0,0.2,0.0,0.0,0.0,0.0,0.0,0.0]":2.0393665,"[20.0,4.0,4.0,0.2,0.0,0.0,0.0,0.0,0.0,0.0]":1.1912055,"[20.0,0.0,4.0,0.2,0.0,0.0,0.0,0.0,0.0,0.0]":1.2174748,"[20.0,4.0,0.0,0.2,0.0,0.0,0.0,0.0,0.0,0.0]":-0.35057914,"[0.0,4.0,-4.0,0.0,0.0,0.0,0.0,0.0,0.0,0.0]":-0.8463101,"[40.0,-4.0,0.0,0.2,0.0,0.0,0.0,0.0,0.0,0.0]":-0.057992842,