{"test_dict":{"[20.0, -4.0, 0.0, -0.2]":-0.83672273,"[0.0, -4.0, 3.0, -0.2]":-0.9056489,"[20.0, 0.0, 3.0, 0.2]":-0.09915126,"[20.0, 4.0, 0.0, 0.0]":1.0570384,"[40.0, 0.0, 0.0, 0.0]":-0.013307989,"[40.0, -4.0, 0.0, 0.0]":-1.0244755,"[0.0, 0.0, 0.0, 0.2]":-0.31715184,"[40.0, 4.0, -3.0, 0.0]":0.88850415,"[20.0, 0.0, 3.0, -0.2]":0.32776207,"[0.0, -4.0, 0.0, -0.2]":-1.0678797,"[0.0, 4.0, -3.0, 0.2]":0.961094,"[20.0, 4.0, -3.0, -0.2]":0.89470494,"[20.0, 4.0, 0.0, -0.2]":1.1107016,"[40.0, 4.0, 0.0, 0.0]":1.0198095,"[20.0, -4.0, -3.0, -0.2]":-0.9671608,"[0.0, 4.0, 3.0, -0.2]":1.1167165,"[20.0, 4.0, -3.0, 0.2]":0.8336533,"[40.0, 0.0, 3.0, -0.2]":0.29343158,"[40.0, 4.0, 0.0, -0.2]":1.0459335,"[0.0, -4.0, 0.0, 0.2]":-1.1006866,"[0.0, 0.0, -3.0, 0.0]":-0.4783002,"[0.0, 0.0, -3.0, 0.2]":-0.4328258,"[20.0, 0.0, -3.0, -0.2]":0.060148507,"[0.0, 4.0, -3.0, -0.2]":0.81016266,"[40.0, -4.0, -3.0, 0.0]":-1.1249541,"[40.0, 4.0, 3.0, 0.2]":0.8915193,"[20.0, 4.0, 3.0, 0.2]":0.9640348,"[0.0, 0.0, 0.0, 0.0]":-0.051298596,"[0.0, 4.0, 0.0, -0.2]":1.034058,"[0.0, 4.0, 0.0, 0.0]":1.0203462,"[40.0, 4.0, -3.0, 0.2]":0.77108306,"[20.0, -4.0, 3.0, 0.2]":-0.9707004,"[0.0, 0.0, -3.0, -0.2]":-0.11902236,"[0.0, -4.0, -3.0, 0.0]":-1.1989971,"[20.0, 4.0, 3.0, 0.0]":1.1785287,"[40.0, 0.0, 0.0, -0.2]":0.28274572,"[40.0, 0.0, 3.0, 0.2]":-0.12412524,"[0.0, 0.0, 3.0, -0.2]":0.58447266,"[40.0, -4.0, 3.0, 0.0]":-0.88741136,"[0.0, 0.0, 0.0, -0.2]":0.4431712,"[20.0, 4.0, 3.0, -0.2]":1.1695998,"[0.0, -4.0, 3.0, 0.0]":-0.8092059,"[40.0, -4.0, -3.0, -0.2]":-0.96158874,"[40.0, -4.0, -3.0, 0.2]":-1.145548,"[40.0, 0.0, 0.0, 0.2]":-0.28380275,"[0.0, 4.0, 3.0, 0.0]":1.1839821,"[40.0, 4.0, -3.0, -0.2]":0.8549125,"[0.0, -4.0, -3.0, -0.2]":-1.1528372,"[0.0, -4.0, 3.0, 0.2]":-0.85521424,"[20.0, 4.0, -3.0, 0.0]":0.9027157,"[40.0, 0.0, 3.0, 0.0]":0.12755655,"[40.0, -4.0, 0.0, -0.2]":-0.84109956,"[40.0, -4.0, 3.0, 0.2]":-0.9295478,"[20.0, -4.0, -3.0, 0.0]":-1.1787812,"[20.0, -4.0, 3.0, 0.0]":-0.90354437,"[40.0, 0.0, -3.0, 0.2]":-0.29212117,"[20.0, 0.0, -3.0, 0.0]":-0.14979197,"[40.0, 0.0, -3.0, -0.2]":0.053576082,"[40.0, 4.0, 0.0, 0.2]":0.7684993,"[0.0, -4.0, 0.0, 0.0]":-1.0316085,"[20.0, -4.0, 3.0, -0.2]":-0.8194288,"[20.0, 0.0, 3.0, 0.0]":0.13347064,"[20.0, 4.0, 0.0, 0.2]":0.82589996,"[40.0, 4.0, 3.0, -0.2]":1.1261163,"[20.0, 0.0, 0.0, -0.2]":0.32419723,"[40.0, 4.0, 3.0, 0.0]":1.1229899,"[40.0, -4.0, 0.0, 0.2]":-1.0862343,"[20.0, 0.0, 0.0, 0.2]":-0.29674327,"[0.0, 0.0, 3.0, 0.2]":0.13698207,"[0.0, -4.0, -3.0, 0.2]":-1.1936624,"[0.0, 4.0, 0.0, 0.2]":1.0410776,"[0.0, 4.0, -3.0, 0.0]":0.79741025,"[20.0, -4.0, -3.0, 0.2]":-1.2094195,"[40.0, -4.0, 3.0, -0.2]":-0.8458497,"[20.0, 0.0, -3.0, 0.2]":-0.30153248,"[20.0, 0.0, 0.0, 0.0]":-0.012969419,"[20.0, -4.0, 0.0, 0.2]":-1.1616907,"[40.0, 0.0, -3.0, 0.0]":-0.11515078,"[20.0, -4.0, 0.0, 0.0]":-1.0631821,"[0.0, 0.0, 3.0, 0.0]":0.42842454,"[0.0, 4.0, 3.0, 0.2]":1.1540012},"input_std":[[9.990254346999256],[2.045158965110929],[0.7885251189564348],[0.04466192917636821]],"input_size":4,"input_mean":[[18.61682558292369],[0.0138703277975471],[0.0014063273903260533],[-0.002048930910510078]],"output_size":1,"test_dict_zero_bias":{"[20.0, -4.0, 0.0, -0.2]":-0.92062753,"[0.0, -4.0, 3.0, -0.2]":-0.9989342,"[20.0, 0.0, 3.0, 0.2]":0.053077716,"[20.0, 4.0, 0.0, 0.0]":1.3312771,"[40.0, 0.0, 0.0, 0.0]":0.1134982,"[40.0, -4.0, 0.0, 0.0]":-0.97107434,"[0.0, 0.0, 0.0, 0.2]":-0.43176034,"[40.0, 4.0, -3.0, 0.0]":1.1103716,"[20.0, 0.0, 3.0, -0.2]":0.53447664,"[0.0, -4.0, 0.0, -0.2]":-1.0396514,"[0.0, 4.0, -3.0, 0.2]":1.2473086,"[20.0, 4.0, -3.0, -0.2]":1.1331928,"[20.0, 4.0, 0.0, -0.2]":1.3529156,"[40.0, 4.0, 0.0, 0.0]":1.245456,"[20.0, -4.0, -3.0, -0.2]":-1.0164796,"[0.0, 4.0, 3.0, -0.2]":1.4103183,"[20.0, 4.0, -3.0, 0.2]":1.1419852,"[40.0, 0.0, 3.0, -0.2]":0.4485281,"[40.0, 4.0, 0.0, -0.2]":1.2767848,"[0.0, -4.0, 0.0, 0.2]":-1.0887257,"[0.0, 0.0, -3.0, 0.0]":-0.4733107,"[0.0, 0.0, -3.0, 0.2]":-0.5804125,"[20.0, 0.0, -3.0, -0.2]":-0.061821025,"[0.0, 4.0, -3.0, -0.2]":1.1384882,"[40.0, -4.0, -3.0, 0.0]":-1.0440482,"[40.0, 4.0, 3.0, 0.2]":1.1545651,"[20.0, 4.0, 3.0, 0.2]":1.323556,"[0.0, 0.0, 0.0, 0.0]":-0.06993843,"[0.0, 4.0, 0.0, -0.2]":1.362325,"[0.0, 4.0, 0.0, 0.0]":1.3635637,"[40.0, 4.0, -3.0, 0.2]":1.0120379,"[20.0, -4.0, 3.0, 0.2]":-0.9251518,"[0.0, 0.0, -3.0, -0.2]":0.016351636,"[0.0, -4.0, -3.0, 0.0]":-1.1054893,"[20.0, 4.0, 3.0, 0.0]":1.4331859,"[40.0, 0.0, 0.0, -0.2]":0.43224064,"[40.0, 0.0, 3.0, 0.2]":-0.027095499,"[0.0, 0.0, 3.0, -0.2]":0.7163871,"[40.0, -4.0, 3.0, 0.0]":-0.86006075,"[0.0, 0.0, 0.0, -0.2]":0.6241871,"[20.0, 4.0, 3.0, -0.2]":1.3999647,"[0.0, -4.0, 3.0, 0.0]":-0.95291066,"[40.0, -4.0, -3.0, -0.2]":-0.9488468,"[40.0, -4.0, -3.0, 0.2]":-1.0481437,"[40.0, 0.0, 0.0, 0.2]":-0.24575989,"[0.0, 4.0, 3.0, 0.0]":1.43324,"[40.0, 4.0, -3.0, -0.2]":1.0803833,"[0.0, -4.0, -3.0, -0.2]":-1.060731,"[0.0, -4.0, 3.0, 0.2]":-0.92824775,"[20.0, 4.0, -3.0, 0.0]":1.1720878,"[40.0, 0.0, 3.0, 0.0]":0.27837852,"[40.0, -4.0, 0.0, -0.2]":-0.83964235,"[40.0, -4.0, 3.0, 0.2]":-0.89851636,"[20.0, -4.0, -3.0, 0.0]":-1.0935495,"[20.0, -4.0, 3.0, 0.0]":-0.8932351,"[40.0, 0.0, -3.0, 0.2]":-0.25768176,"[20.0, 0.0, -3.0, 0.0]":-0.20706435,"[40.0, 0.0, -3.0, -0.2]":0.11354264,"[40.0, 4.0, 0.0, 0.2]":1.0285338,"[0.0, -4.0, 0.0, 0.0]":-1.068548,"[20.0, -4.0, 3.0, -0.2]":-0.88838285,"[20.0, 0.0, 3.0, 0.0]":0.38971058,"[20.0, 4.0, 0.0, 0.2]":1.1829535,"[40.0, 4.0, 3.0, -0.2]":1.3459427,"[20.0, 0.0, 0.0, -0.2]":0.46840554,"[40.0, 4.0, 3.0, 0.0]":1.3525095,"[40.0, -4.0, 0.0, 0.2]":-1.0137557,"[20.0, 0.0, 0.0, 0.2]":-0.28836963,"[0.0, 0.0, 3.0, 0.2]":0.22119586,"[0.0, -4.0, -3.0, 0.2]":-1.116198,"[0.0, 4.0, 0.0, 0.2]":1.3010551,"[0.0, 4.0, -3.0, 0.0]":1.2079896,"[20.0, -4.0, -3.0, 0.2]":-1.0923195,"[40.0, -4.0, 3.0, -0.2]":-0.84623474,"[20.0, 0.0, -3.0, 0.2]":-0.31395862,"[20.0, 0.0, 0.0, 0.0]":0.11128901,"[20.0, -4.0, 0.0, 0.2]":-1.0621748,"[40.0, 0.0, -3.0, 0.0]":-0.03539824,"[20.0, -4.0, 0.0, 0.0]":-1.0242763,"[0.0, 0.0, 3.0, 0.0]":0.54356587,"[0.0, 4.0, 3.0, 0.2]":1.3792126},"layers":[{"dense_1_b":[[-0.1176705],[3.9818861],[-0.19418584],[-0.23458946],[-0.2962474],[0.07567559],[-0.18264587],[-0.7614921],[-0.48523214],[0.09807785],[4.399761],[0.17698894],[-0.7570671],[0.37624854],[-0.108863],[0.12581362],[-0.08649077],[-0.16630115],[0.07348516],[0.826997],[-0.010645971],[0.44578242],[0.11520539],[0.31807598],[0.03215559],[0.5398986],[-0.33574426],[0.1844094],[-0.25532988],[0.095151715],[-0.012578575],[-0.090961695]],"dense_1_W":[[0.006784303,11.201725,-0.05899331,0.3623394],[3.8841996,-2.2920163,0.13701981,0.3725365],[-0.5418606,0.03665755,-5.673543,0.32409927],[-0.5826099,-0.05033073,6.1138663,-0.40100133],[-0.46420375,-0.5244655,0.6223047,-2.1342297],[-0.35958394,0.7438723,0.09254581,0.008923318],[-0.45434844,-0.090368375,2.8845122,-0.35668492],[-0.22199225,0.2765466,-0.55903965,-0.65586853],[-0.38825363,-1.441872,0.0553698,0.05399615],[-0.006278301,0.15163122,-0.152988,-5.799609],[4.461921,2.670523,-0.19785957,-0.5605647],[0.19394466,-0.8933984,-0.16205908,-0.18516366],[0.065341935,-2.8225873,0.06215452,-1.2569853],[-0.4374887,-1.1793749,0.12276297,0.13396244],[0.005527153,3.6236224,0.590966,-0.49218068],[0.15773645,0.7566117,0.23636407,0.3498625],[-0.3889573,-0.49392173,-0.12187741,-0.38094732],[-0.34826764,-1.0625577,-0.02912171,0.0786156],[-0.3905022,1.0239583,-0.0102000795,-0.016754825],[0.85839206,-1.7016201,0.4051688,0.32584724],[0.6649623,1.2027618,-0.64997095,-0.356503],[-0.5583332,-0.8274161,-0.036861323,0.786522],[-0.49968588,1.4116235,-0.09448964,-0.17779523],[-0.9040991,0.6966734,0.026850186,-0.13129671],[0.26449287,-1.1993513,0.05427196,0.051841393],[-0.94774175,-0.48415428,0.010356975,-0.061420374],[-0.31322896,-1.2289964,-0.19342096,0.03042295],[0.34112924,-1.4342039,0.003952506,0.1435586],[-1.3871334,-3.058481,1.6554495,0.5298814],[-0.36909732,1.2238289,-0.08354629,-0.3125004],[-0.30441353,-1.2477553,0.13348383,0.2245013],[0.0024858573,3.7936606,-0.65687096,-0.8130982]],