{"test_dict":{"[20.0, -4.0, 0.0, -0.2]":-1.0037913,"[0.0, -4.0, 3.0, -0.2]":-0.83424366,"[20.0, 0.0, 3.0, 0.2]":0.47654587,"[20.0, 4.0, 0.0, 0.0]":1.0638666,"[40.0, 0.0, 0.0, 0.0]":-0.0043767095,"[40.0, -4.0, 0.0, 0.0]":-0.9685824,"[0.0, 0.0, 0.0, 0.2]":0.34621927,"[40.0, 4.0, -3.0, 0.0]":0.875667,"[20.0, 0.0, 3.0, -0.2]":-0.07077581,"[0.0, -4.0, 0.0, -0.2]":-1.0534285,"[0.0, 4.0, -3.0, 0.2]":0.8222003,"[20.0, 4.0, -3.0, -0.2]":0.7301024,"[20.0, 4.0, 0.0, -0.2]":0.76190567,"[40.0, 4.0, 0.0, 0.0]":0.96895015,"[20.0, -4.0, -3.0, -0.2]":-1.1203007,"[0.0, 4.0, 3.0, -0.2]":1.1979752,"[20.0, 4.0, -3.0, 0.2]":0.86877656,"[40.0, 0.0, 3.0, -0.2]":-0.14311141,"[40.0, 4.0, 0.0, -0.2]":0.677763,"[0.0, -4.0, 0.0, 0.2]":-1.1475036,"[0.0, 0.0, -3.0, 0.0]":-0.57078063,"[0.0, 0.0, -3.0, 0.2]":-0.37605014,"[20.0, 0.0, -3.0, -0.2]":-0.42927358,"[0.0, 4.0, -3.0, -0.2]":0.97769606,"[40.0, -4.0, -3.0, 0.0]":-1.0874763,"[40.0, 4.0, 3.0, 0.2]":1.1481947,"[20.0, 4.0, 3.0, 0.2]":1.1394658,"[0.0, 0.0, 0.0, 0.0]":-0.010211498,"[0.0, 4.0, 0.0, -0.2]":1.1368674,"[0.0, 4.0, 0.0, 0.0]":1.0575659,"[40.0, 4.0, -3.0, 0.2]":0.92567074,"[20.0, -4.0, 3.0, 0.2]":-0.7417619,"[0.0, 0.0, -3.0, -0.2]":-0.8460064,"[0.0, -4.0, -3.0, 0.0]":-1.1578274,"[20.0, 4.0, 3.0, 0.0]":1.1556377,"[40.0, 0.0, 0.0, -0.2]":-0.3874301,"[40.0, 0.0, 3.0, 0.2]":0.5230851,"[0.0, 0.0, 3.0, -0.2]":0.30010486,"[40.0, -4.0, 3.0, 0.0]":-0.8657795,"[0.0, 0.0, 0.0, -0.2]":-0.3605657,"[20.0, 4.0, 3.0, -0.2]":0.8872962,"[0.0, -4.0, 3.0, 0.0]":-0.8275924,"[40.0, -4.0, -3.0, -0.2]":-1.116909,"[40.0, -4.0, -3.0, 0.2]":-0.8169062,"[40.0, 0.0, 0.0, 0.2]":0.36971098,"[0.0, 4.0, 3.0, 0.0]":1.1633198,"[40.0, 4.0, -3.0, -0.2]":0.6714042,"[0.0, -4.0, -3.0, -0.2]":-1.1448156,"[0.0, -4.0, 3.0, 0.2]":-0.9989451,"[20.0, 4.0, -3.0, 0.0]":0.9372561,"[40.0, 0.0, 3.0, 0.0]":0.122494504,"[40.0, -4.0, 0.0, -0.2]":-1.0051457,"[40.0, -4.0, 3.0, 0.2]":-0.6865475,"[20.0, -4.0, -3.0, 0.0]":-1.1557212,"[20.0, -4.0, 3.0, 0.0]":-0.92462003,"[40.0, 0.0, -3.0, 0.2]":0.14344378,"[20.0, 0.0, -3.0, 0.0]":-0.14233547,"[40.0, 0.0, -3.0, -0.2]":-0.48184064,"[40.0, 4.0, 0.0, 0.2]":1.056155,"[0.0, -4.0, 0.0, 0.0]":-1.0492189,"[20.0, -4.0, 3.0, -0.2]":-0.8022785,"[20.0, 0.0, 3.0, 0.0]":0.13272104,"[20.0, 4.0, 0.0, 0.2]":1.0504745,"[40.0, 4.0, 3.0, -0.2]":0.7885237,"[20.0, 0.0, 0.0, -0.2]":-0.3532627,"[40.0, 4.0, 3.0, 0.0]":1.0914341,"[40.0, -4.0, 0.0, 0.2]":-0.7015202,"[20.0, 0.0, 0.0, 0.2]":0.36627072,"[0.0, 0.0, 3.0, 0.2]":0.9517982,"[0.0, -4.0, -3.0, 0.2]":-1.2002543,"[0.0, 4.0, 0.0, 0.2]":1.0446979,"[0.0, 4.0, -3.0, 0.0]":0.83862484,"[20.0, -4.0, -3.0, 0.2]":-0.914631,"[40.0, -4.0, 3.0, -0.2]":-0.8504815,"[20.0, 0.0, -3.0, 0.2]":0.10751328,"[20.0, 0.0, 0.0, 0.0]":-0.004059255,"[20.0, -4.0, 0.0, 0.2]":-0.77560675,"[40.0, 0.0, -3.0, 0.0]":-0.13551855,"[20.0, -4.0, 0.0, 0.0]":-1.0670766,"[0.0, 0.0, 3.0, 0.0]":0.6042424,"[0.0, 4.0, 3.0, 0.2]":1.1343526},"input_std":[[10.026596593094547],[1.9039649852079417],[0.7184624714671651],[0.04377711537708343]],"input_size":4,"input_mean":[[18.483998084913903],[0.0014203812545108695],[-1.267111780105344e-5],[0.0017534630141507225]],"output_size":1,"test_dict_zero_bias":{"[20.0, -4.0, 0.0, -0.2]":-1.3151225,"[0.0, -4.0, 3.0, -0.2]":-1.3807591,"[20.0, 0.0, 3.0, 0.2]":0.4109049,"[20.0, 4.0, 0.0, 0.0]":0.91983455,"[40.0, 0.0, 0.0, 0.0]":-0.16682987,"[40.0, -4.0, 0.0, 0.0]":-1.2920108,"[0.0, 0.0, 0.0, 0.2]":0.61942184,"[40.0, 4.0, -3.0, 0.0]":0.74534917,"[20.0, 0.0, 3.0, -0.2]":0.19844978,"[0.0, -4.0, 0.0, -0.2]":-1.4640871,"[0.0, 4.0, -3.0, 0.2]":0.8883035,"[20.0, 4.0, -3.0, -0.2]":0.6955723,"[20.0, 4.0, 0.0, -0.2]":0.7824158,"[40.0, 4.0, 0.0, 0.0]":0.82879955,"[20.0, -4.0, -3.0, -0.2]":-1.4123741,"[0.0, 4.0, 3.0, -0.2]":0.96470654,"[20.0, 4.0, -3.0, 0.2]":0.7502002,"[40.0, 0.0, 3.0, -0.2]":-0.31817114,"[40.0, 4.0, 0.0, -0.2]":0.5842408,"[0.0, -4.0, 0.0, 0.2]":-1.451899,"[0.0, 0.0, -3.0, 0.0]":-0.7049494,"[0.0, 0.0, -3.0, 0.2]":-0.4228089,"[20.0, 0.0, -3.0, -0.2]":-0.6757664,"[0.0, 4.0, -3.0, -0.2]":0.9260738,"[40.0, -4.0, -3.0, 0.0]":-1.3949677,"[40.0, 4.0, 3.0, 0.2]":0.92909586,"[20.0, 4.0, 3.0, 0.2]":0.9295419,"[0.0, 0.0, 0.0, 0.0]":0.04192887,"[0.0, 4.0, 0.0, -0.2]":0.9561072,"[0.0, 4.0, 0.0, 0.0]":0.9633391,"[40.0, 4.0, -3.0, 0.2]":0.79983133,"[20.0, -4.0, 3.0, 0.2]":-1.1161796,"[0.0, 0.0, -3.0, -0.2]":-1.1483753,"[0.0, -4.0, -3.0, 0.0]":-1.4753728,"[20.0, 4.0, 3.0, 0.0]":0.9484516,"[40.0, 0.0, 0.0, -0.2]":-0.6091165,"[40.0, 0.0, 3.0, 0.2]":0.42784888,"[0.0, 0.0, 3.0, -0.2]":0.15019631,"[40.0, -4.0, 3.0, 0.0]":-1.1878473,"[0.0, 0.0, 0.0, -0.2]":-0.6845103,"[20.0, 4.0, 3.0, -0.2]":0.8771619,"[0.0, -4.0, 3.0, 0.0]":-1.420178,"[40.0, -4.0, -3.0, -0.2]":-1.4171854,"[40.0, -4.0, -3.0, 0.2]":-1.1720709,"[40.0, 0.0, 0.0, 0.2]":0.2743635,"[0.0, 4.0, 3.0, 0.0]":0.9686542,"[40.0, 4.0, -3.0, -0.2]":0.56453526,"[0.0, -4.0, -3.0, -0.2]":-1.4751848,"[0.0, -4.0, 3.0, 0.2]":-1.4233444,"[20.0, 4.0, -3.0, 0.0]":0.842219,"[40.0, 0.0, 3.0, 0.0]":-0.017643483,"[40.0, -4.0, 0.0, -0.2]":-1.3303924,"[40.0, -4.0, 3.0, 0.2]":-1.0038265,"[20.0, -4.0, -3.0, 0.0]":-1.45049,"[20.0, -4.0, 3.0, 0.0]":-1.2628206,"[40.0, 0.0, -3.0, 0.2]":0.010194246,"[20.0, 0.0, -3.0, 0.0]":-0.47021207,"[40.0, 0.0, -3.0, -0.2]":-0.7253277,"[40.0, 4.0, 0.0, 0.2]":0.88855994,"[0.0, -4.0, 0.0, 0.0]":-1.4602875,"[20.0, -4.0, 3.0, -0.2]":-1.0829611,"[20.0, 0.0, 3.0, 0.0]":0.19441107,"[20.0, 4.0, 0.0, 0.2]":0.8881836,"[40.0, 4.0, 3.0, -0.2]":0.689792,"[20.0, 0.0, 0.0, -0.2]":-0.38935727,"[40.0, 4.0, 3.0, 0.0]":0.90305394,"[40.0, -4.0, 0.0, 0.2]":-1.0272824,"[20.0, 0.0, 0.0, 0.2]":0.20425935,"[0.0, 0.0, 3.0, 0.2]":0.9040126,"[0.0, -4.0, -3.0, 0.2]":-1.4732418,"[0.0, 4.0, 0.0, 0.2]":0.95537955,"[0.0, 4.0, -3.0, 0.0]":0.936016,"[20.0, -4.0, -3.0, 0.2]":-1.3544275,"[40.0, -4.0, 3.0, -0.2]":-1.1718979,"[20.0, 0.0, -3.0, 0.2]":-0.38035482,"[20.0, 0.0, 0.0, 0.0]":-0.1270478,"[20.0, -4.0, 0.0, 0.2]":-1.2105927,"[40.0, 0.0, -3.0, 0.0]":-0.3281785,"[20.0, -4.0, 0.0, 0.0]":-1.3969288,"[0.0, 0.0, 3.0, 0.0]":0.5836602,"[0.0, 4.0, 3.0, 0.2]":0.9650498},"layers":[{"dense_1_b":[[-0.12196395],[0.36167327],[0.30051604],[-3.535995],[-0.13780092],[-0.40879843],[-0.25008333],[0.093974106],[0.33420402],[-0.1386448],[0.6302334],[0.052769974],[0.45597926],[-0.1909135],[-0.20979781],[0.41412863],[-0.17846318],[4.1131606],[0.15964666],[0.2304735],[-0.3866245],[-0.063621745],[-0.18591104],[-0.22874896],[-0.2950857],[-0.29612285],[-0.33777043],[-0.026720002],[3.6213493],[0.34877002],[-0.22800592],[-0.3724315]],"dense_1_W":[[-0.017575387,-1.8736289,0.052847054,-0.26194525],[-0.2878725,-0.043620452,2.564538,-0.25997722],[0.6882294,-1.4746604,0.100751065,-0.20467348],[-3.415176,2.098638,-0.08639615,0.33278906],[-0.5512714,0.1132804,-5.088163,-0.25056934],[-0.4100114,-0.2494941,-0.960462,0.19126828],[-1.385572,0.51326084,0.0829844,-0.5730064],[-1.372776,-0.6390116,-0.023007913,0.4748109],[0.013520246,2.0834281,-0.105931535,0.3802981],[-0.034392133,2.5526845,0.0041706264,0.3714055],[0.66911685,1.6521084,-0.19457217,0.19989753],[0.014124815,-1.5147581,-0.14935784,-0.06055081],[0.32799703,1.0456717,0.20493244,-0.16250235],[-0.37309298,0.1400117,-4.2066746,0.24671094],[-0.011909712,1.3496721,0.30944803,-0.05161284],[-0.43920764,-0.62132066,0.013813461,-0.60087585],[0.039315104,-1.8267618,0.038688548,-0.3866641],[4.589562,2.4395163,-0.056303572,0.63443583],[0.26247683,1.2613455,-0.06526613,0.26147562],[-0.6451144,0.4641285,-0.011487683,0.7793485],[-0.2686323,1.0941398,0.12354019,0.0042890846],[-0.003307969,2.181887,-0.06270627,0.38933507],[-0.3480662,-0.08742359,3.529179,0.36590132],[-0.1797851,0.7459643,-0.051073186,0.029641945],[0.0031783183,-2.1015341,0.26597464,-0.7688882],[-0.017481165,14.57927,-0.04495504,-0.20632482],[-0.5948575,-0.004415659,5.411413,0.069232844],[-0.050341144,-1.5342875,-0.19349135,-0.018480614],[3.0208366,1.882544,-0.058916654,0.1289054],[0.01932003,1.6413432,0.10202546,0.21058299],[0.053422887,3.0727873,-0.009221529,0.46715957],[-0.50058854,1.261429,-0.010292861,0.13730139]],